,Average_Montly_Hours,Average_Montly_Hours,Average_Montly_Hours,Average_Montly_Hours,Average_Montly_Hours,Average_Montly_Hours,Average_Montly_Hours,Average_Montly_Hours,Last_Evaluation,Last_Evaluation,Last_Evaluation,Last_Evaluation,Last_Evaluation,Last_Evaluation,Last_Evaluation,Last_Evaluation,Left,Left,Left,Left,Left,Left,Left,Left,Number_Project,Number_Project,Number_Project,Number_Project,Number_Project,Number_Project,Number_Project,Number_Project,Satisfaction_Level,Satisfaction_Level,Satisfaction_Level,Satisfaction_Level,Satisfaction_Level,Satisfaction_Level,Satisfaction_Level,Satisfaction_Level,Time_Spend_Company,Time_Spend_Company,Time_Spend_Company,Time_Spend_Company,Time_Spend_Company,Time_Spend_Company,Time_Spend_Company,Time_Spend_Company
,count,mean,std,min,25%,50%,75%,max,count,mean,std,min,25%,50%,75%,max,count,mean,std,min,25%,50%,75%,max,count,mean,std,min,25%,50%,75%,max,count,mean,std,min,25%,50%,75%,max,count,mean,std,min,25%,50%,75%,max
Cluster,,,,,,,,,,,,,,,,,,,,,,,,,,,,,,,,,,,,,,,,,,,,,,,,
0,5347.0,0.687879184589,0.0978769679328,0.32,0.61,0.69,0.77,1.0,5347.0,0.76959603516,0.1599464039,0.36,0.64,0.79,0.91,1.0,5347.0,0.182345240322,0.386164916602,0.0,0.0,0.0,0.0,1.0,5347.0,0.38230783617,0.177844222275,0.0,0.2,0.4,0.6,0.8,5347.0,0.746661679446,0.146308172585,0.25,0.63,0.76,0.865,1.0,5347.0,0.216751449411,0.212305091034,0.0,0.13,0.13,0.38,1.0
1,3111.0,0.266252009,0.131874317084,0.0,0.18,0.24,0.3,0.88,3111.0,0.556605593057,0.117155947768,0.36,0.48,0.53,0.59,1.0,3111.0,0.504339440694,0.500061545264,0.0,0.0,1.0,1.0,1.0,3111.0,0.0871102539376,0.133362549137,0.0,0.0,0.0,0.2,0.8,3111.0,0.426772741884,0.113351455735,0.09,0.37,0.42,0.48,0.96,3111.0,0.165663773706,0.152471181513,0.0,0.13,0.13,0.13,1.0
2,1827.0,0.698637110016,0.218697862075,0.01,0.57,0.75,0.86,1.0,1827.0,0.796316365627,0.147503706565,0.36,0.73,0.83,0.91,1.0,1827.0,0.525998905309,0.499460306758,0.0,0.0,1.0,1.0,1.0,1827.0,0.729720853859,0.185474964781,0.0,0.6,0.8,0.8,1.0,1827.0,0.174362342638,0.103855395217,0.09,0.1,0.13,0.21,0.63,1827.0,0.294384236453,0.145623601942,0.0,0.25,0.25,0.38,1.0
3,4714.0,0.335224862113,0.119230515817,0.0,0.25,0.34,0.43,0.57,4714.0,0.729594823929,0.154970908965,0.36,0.6,0.73,0.86,1.0,4714.0,0.0140008485363,0.117506399279,0.0,0.0,0.0,0.0,1.0,4714.0,0.373440814595,0.171929298988,0.0,0.2,0.4,0.4,1.0,4714.0,0.753763258379,0.149048214378,0.29,0.64,0.76,0.88,1.0,4714.0,0.135199406025,0.151077369026,0.0,0.0,0.13,0.13,1.0
