,Average_Montly_Hours,Average_Montly_Hours,Average_Montly_Hours,Average_Montly_Hours,Average_Montly_Hours,Average_Montly_Hours,Average_Montly_Hours,Average_Montly_Hours,Last_Evaluation,Last_Evaluation,Last_Evaluation,Last_Evaluation,Last_Evaluation,Last_Evaluation,Last_Evaluation,Last_Evaluation,Left,Left,Left,Left,Left,Left,Left,Left,Number_Project,Number_Project,Number_Project,Number_Project,Number_Project,Number_Project,Number_Project,Number_Project,Satisfaction_Level,Satisfaction_Level,Satisfaction_Level,Satisfaction_Level,Satisfaction_Level,Satisfaction_Level,Satisfaction_Level,Satisfaction_Level,Time_Spend_Company,Time_Spend_Company,Time_Spend_Company,Time_Spend_Company,Time_Spend_Company,Time_Spend_Company,Time_Spend_Company,Time_Spend_Company
,count,mean,std,min,25%,50%,75%,max,count,mean,std,min,25%,50%,75%,max,count,mean,std,min,25%,50%,75%,max,count,mean,std,min,25%,50%,75%,max,count,mean,std,min,25%,50%,75%,max,count,mean,std,min,25%,50%,75%,max
Cluster,,,,,,,,,,,,,,,,,,,,,,,,,,,,,,,,,,,,,,,,,,,,,,,,
0,1827.0,0.698637110016,0.218697862075,0.01,0.57,0.75,0.86,1.0,1827.0,0.796316365627,0.147503706565,0.36,0.73,0.83,0.91,1.0,1827.0,0.525998905309,0.499460306758,0.0,0.0,1.0,1.0,1.0,1827.0,0.729720853859,0.185474964781,0.0,0.6,0.8,0.8,1.0,1827.0,0.174362342638,0.103855395217,0.09,0.1,0.13,0.21,0.63,1827.0,0.294384236453,0.145623601942,0.0,0.25,0.25,0.38,1.0
1,4725.0,0.335532275132,0.119316415166,0.0,0.25,0.34,0.43,0.57,4725.0,0.729282539683,0.154948072349,0.36,0.6,0.73,0.86,1.0,4725.0,0.0139682539683,0.117371450605,0.0,0.0,0.0,0.0,1.0,4725.0,0.372952380952,0.171968304809,0.0,0.2,0.4,0.4,1.0,4725.0,0.753714285714,0.149056384411,0.29,0.64,0.76,0.88,1.0,4725.0,0.135369312169,0.151142754401,0.0,0.0,0.13,0.13,1.0
2,3103.0,0.265787947148,0.131664012333,0.0,0.18,0.24,0.3,0.88,3103.0,0.556313245247,0.116995791894,0.36,0.48,0.53,0.59,1.0,3103.0,0.505639703513,0.500048774278,0.0,0.0,1.0,1.0,1.0,3103.0,0.0869481147277,0.133423646049,0.0,0.0,0.0,0.2,0.8,3103.0,0.426306799871,0.113094729193,0.09,0.37,0.42,0.48,0.96,3103.0,0.16555913632,0.152395660788,0.0,0.13,0.13,0.13,1.0
3,5344.0,0.687971556886,0.0978289611919,0.32,0.61,0.69,0.77,1.0,5344.0,0.769805389222,0.159894920111,0.36,0.64,0.8,0.91,1.0,5344.0,0.18244760479,0.386249133703,0.0,0.0,0.0,0.0,1.0,5344.0,0.382410179641,0.177925827288,0.0,0.2,0.4,0.6,0.8,5344.0,0.746482035928,0.146299837917,0.25,0.63,0.76,0.86,1.0,5344.0,0.216753368263,0.212346308411,0.0,0.13,0.13,0.38,1.0
