,Average_Montly_Hours,Average_Montly_Hours,Average_Montly_Hours,Average_Montly_Hours,Average_Montly_Hours,Average_Montly_Hours,Average_Montly_Hours,Average_Montly_Hours,Last_Evaluation,Last_Evaluation,Last_Evaluation,Last_Evaluation,Last_Evaluation,Last_Evaluation,Last_Evaluation,Last_Evaluation,Left,Left,Left,Left,Left,Left,Left,Left,Number_Project,Number_Project,Number_Project,Number_Project,Number_Project,Number_Project,Number_Project,Number_Project,Satisfaction_Level,Satisfaction_Level,Satisfaction_Level,Satisfaction_Level,Satisfaction_Level,Satisfaction_Level,Satisfaction_Level,Satisfaction_Level,Time_Spend_Company,Time_Spend_Company,Time_Spend_Company,Time_Spend_Company,Time_Spend_Company,Time_Spend_Company,Time_Spend_Company,Time_Spend_Company
,count,mean,std,min,25%,50%,75%,max,count,mean,std,min,25%,50%,75%,max,count,mean,std,min,25%,50%,75%,max,count,mean,std,min,25%,50%,75%,max,count,mean,std,min,25%,50%,75%,max,count,mean,std,min,25%,50%,75%,max
Cluster,,,,,,,,,,,,,,,,,,,,,,,,,,,,,,,,,,,,,,,,,,,,,,,,
0,1569.0,0.228986615679,0.0661731298305,0.14,0.18,0.23,0.27,0.86,1569.0,0.516163161249,0.0539811843089,0.45,0.48,0.51,0.54,1.0,1569.0,1.0,0.0,1.0,1.0,1.0,1.0,1.0,1569.0,0.006373486297,0.0485521570029,0.0,0.0,0.0,0.0,0.6,1569.0,0.40621414914,0.0432062569718,0.09,0.38,0.41,0.43,0.67,1569.0,0.133307839388,0.0293763005962,0.0,0.13,0.13,0.13,0.38
1,66.0,0.305151515152,0.0836520710901,0.15,0.255,0.3,0.3875,0.47,66.0,0.787878787879,0.153828227394,0.45,0.67,0.835,0.915,1.0,66.0,1.0,0.0,1.0,1.0,1.0,1.0,1.0,66.0,0.415151515152,0.251299652112,0.0,0.2,0.4,0.6,1.0,66.0,0.698787878788,0.141818032395,0.31,0.6225,0.715,0.8,0.9,66.0,0.218333333333,0.135141900732,0.0,0.13,0.25,0.38,0.5
2,961.0,0.821800208117,0.143138866286,0.17,0.75,0.85,0.92,1.0,961.0,0.858772112383,0.0890982082955,0.45,0.81,0.87,0.93,1.0,961.0,1.0,0.0,1.0,1.0,1.0,1.0,1.0,961.0,0.834963579605,0.12189999199,0.2,0.8,0.8,1.0,1.0,961.0,0.116253902185,0.0610183890304,0.09,0.1,0.1,0.11,0.59,961.0,0.261893860562,0.0575086331723,0.0,0.25,0.25,0.25,0.5
3,975.0,0.707784615385,0.0885452515387,0.46,0.64,0.71,0.77,1.0,975.0,0.899733333333,0.102750323704,0.46,0.86,0.92,0.98,1.0,975.0,1.0,0.0,1.0,1.0,1.0,1.0,1.0,975.0,0.497846153846,0.138581390414,0.0,0.4,0.6,0.6,0.8,975.0,0.796307692308,0.102154951818,0.27,0.76,0.81,0.87,0.92,975.0,0.384071794872,0.093322952616,0.0,0.38,0.38,0.38,0.5
