,Average_Montly_Hours,Average_Montly_Hours,Average_Montly_Hours,Average_Montly_Hours,Average_Montly_Hours,Average_Montly_Hours,Average_Montly_Hours,Average_Montly_Hours,Last_Evaluation,Last_Evaluation,Last_Evaluation,Last_Evaluation,Last_Evaluation,Last_Evaluation,Last_Evaluation,Last_Evaluation,Left,Left,Left,Left,Left,Left,Left,Left,Number_Project,Number_Project,Number_Project,Number_Project,Number_Project,Number_Project,Number_Project,Number_Project,Satisfaction_Level,Satisfaction_Level,Satisfaction_Level,Satisfaction_Level,Satisfaction_Level,Satisfaction_Level,Satisfaction_Level,Satisfaction_Level,Time_Spend_Company,Time_Spend_Company,Time_Spend_Company,Time_Spend_Company,Time_Spend_Company,Time_Spend_Company,Time_Spend_Company,Time_Spend_Company
,count,mean,std,min,25%,50%,75%,max,count,mean,std,min,25%,50%,75%,max,count,mean,std,min,25%,50%,75%,max,count,mean,std,min,25%,50%,75%,max,count,mean,std,min,25%,50%,75%,max,count,mean,std,min,25%,50%,75%,max
Cluster,,,,,,,,,,,,,,,,,,,,,,,,,,,,,,,,,,,,,,,,,,,,,,,,
0,4718.0,0.335402713014,0.119339203198,0.0,0.25,0.34,0.43,0.57,4718.0,0.72940652819,0.154968000745,0.36,0.6,0.73,0.86,1.0,4718.0,0.0139889783807,0.117457273209,0.0,0.0,0.0,0.0,1.0,4718.0,0.373251377702,0.171899268358,0.0,0.2,0.4,0.4,1.0,4718.0,0.753912674862,0.149069029588,0.29,0.64,0.76,0.88,1.0,4718.0,0.135247986435,0.151055406452,0.0,0.0,0.13,0.13,1.0
1,3112.0,0.266349614396,0.131965498666,0.0,0.18,0.24,0.3,0.88,3112.0,0.556725578406,0.117328197911,0.36,0.48,0.53,0.59,1.0,3112.0,0.504177377892,0.500062899961,0.0,0.0,1.0,1.0,1.0,3112.0,0.087146529563,0.133356468399,0.0,0.0,0.0,0.2,0.8,3112.0,0.426690231362,0.113426667634,0.09,0.37,0.42,0.48,0.96,3112.0,0.165690874036,0.152454170381,0.0,0.13,0.13,0.13,1.0
2,5343.0,0.687986150103,0.0978323000066,0.32,0.61,0.69,0.77,1.0,5343.0,0.769792251544,0.159907000653,0.36,0.64,0.8,0.91,1.0,5343.0,0.182481751825,0.386277216971,0.0,0.0,0.0,0.0,1.0,5343.0,0.382481751825,0.177865527878,0.0,0.2,0.4,0.6,0.8,5343.0,0.746524424481,0.146280707568,0.25,0.63,0.76,0.86,1.0,5343.0,0.216769605091,0.212362864942,0.0,0.13,0.13,0.38,1.0
3,1826.0,0.698707557503,0.218737034635,0.01,0.57,0.75,0.86,1.0,1826.0,0.796243154436,0.147510906101,0.36,0.73,0.83,0.91,1.0,1826.0,0.526286966046,0.499445295388,0.0,0.0,1.0,1.0,1.0,1826.0,0.730010952903,0.185110703318,0.0,0.6,0.8,0.8,1.0,1826.0,0.174364731654,0.103883794638,0.09,0.1,0.13,0.21,0.63,1826.0,0.294408543264,0.14565978606,0.0,0.25,0.25,0.38,1.0
